{
  "browser": {
    "pooling": {
      "avg": 2758.2415246,
      "times": [
        3381.413791,
        2580.640458,
        1489.940125,
        2407.9501660000005,
        3931.263083
      ]
    },
    "direct": {
      "avg": 4301.9315004,
      "times": [
        2566.470583999999,
        4492.906749999998,
        2372.8354590000017,
        5883.989459,
        6193.455249999999
      ]
    },
    "overhead": -1543.6899758
  },
  "fileOps": {
    "async": {
      "avg": 0.9727665999991586,
      "times": [
        1.710916999996698,
        0.787041000003228,
        0.7880000000004657,
        0.8034999999945285,
        0.7743750000008731
      ]
    },
    "sync": {
      "avg": 0.21358320000144887,
      "times": [
        0.28399999999965075,
        0.22650000000430737,
        0.20570800000132294,
        0.17562500000349246,
        0.17608299999847077
      ]
    },
    "overhead": 0.7591833999977098
  },
  "logging": {
    "strategy": {
      "avg": 0.05855819999997038,
      "times": [
        0.1327499999970314,
        0.040208000005804934,
        0.04008299999986775,
        0.03991699999460252,
        0.039833000002545305
      ]
    },
    "direct": {
      "avg": 0.006066599999030586,
      "times": [
        0.006124999999883585,
        0.006124999999883585,
        0.00604199999361299,
        0.006041000000550412,
        0.006000000001222361
      ]
    },
    "overhead": 0.052491600000939796
  }
}